{"base_lr": 0.0025, "lr": 2.25e-05, "data_time": 0.09261634349822997, "grad_norm": 4030.9705078125, "loss": 148.6004852294922, "one2many_loss_cls": 20.411995315551756, "one2many_loss_bbox": 14.490307807922363, "one2many_loss_dfl": 17.02540283203125, "one2one_loss_cls": 65.1983715057373, "one2one_loss_bbox": 14.197398281097412, "one2one_loss_dfl": 17.277007865905762, "time": 1.2421844244003295, "epoch": 1, "iter": 10, "memory": 9798, "step": 10}
